Subject ID,Group,Start 10 min,Val 1,End,Val 2,End,Val 3,End,Val 4,End,Hyper,End,Hypo,End,Tilt,End,Hypo,Tilt,End tilt,Notes
S0030,Control,1,2,3,4,5,6,7,8,9,10,11,12,13,14,15,16,17,18,
S0044,Control,1,2,3,4,5,0,0,0,0,6,7,8,9,10,11,12,13,14,
S0058,Control,1,2,3,7,8,0,0,0,0,9,10,11,12,13,14,15,16,17,"Markers 4, 5, 6 correspond to Baseline 5 min, Val 1, Val 2"
S0059,Control,1,0,0,0,0,0,0,0,0,0,0,0,0,0,0,0,0,0,TCD study terminated due to poor insonation window.
S0063,Control,1,2,3,0,0,0,0,0,0,4,5,6,0,0,0,8,11,12,"Markers 7, 9 correspond to Cancel, Marker 10 corresponds to Hypo again"
S0064,Control,1,2,3,4,0,0,0,0,0,5,6,7,8,9,0,0,0,10,"Markers, 12 correspond to Tilt Hypo, End"
S0067,Control,1,2,3,4,5,0,0,0,0,6,7,8,9,10,0,13,14,15,"Markers 11, 12 correspond to Cancel tilt, Baseline 5 min"
S0070,Control,1,2,3,4,5,0,0,0,0,6,7,8,9,10,11,12,13,14,
S0073,DM,1,2,3,4,5,0,0,0,0,6,7,8,9,10,11,12,13,14,
S0074,Control,1,2,3,4,5,0,0,0,0,6,7,8,9,10,11,0,0,0,
S0075,DMOH,1,2,3,4,5,0,0,0,0,6,7,8,9,10,11,12,13,14,
S0076,DMOH,1,2,3,4,5,0,0,0,0,6,7,8,9,10,11,12,13,14,
S0077,Control,0,0,0,0,0,0,0,0,0,0,0,0,0,0,0,0,0,0,
S0078,Control,1,2,3,4,5,6,7,0,0,8,9,10,12,13,0,0,0,0,
S0079,DMOH,0,0,0,0,0,0,0,0,0,0,0,0,0,0,0,0,0,0,
S0080,DM,1,2,3,4,5,0,0,0,0,6,7,8,9,10,11,12,13,14,
S0081,Control,0,0,0,0,0,0,0,0,0,0,0,0,0,0,0,0,0,0,
S0082,DM,1,2,3,4,5,0,0,0,0,6,7,8,9,10,11,12,13,14,
S0083,Control,0,0,0,0,0,0,0,0,0,0,0,0,0,0,0,0,0,0,
S0084,DM,1,2,3,4,5,0,0,0,0,6,7,8,9,10,11,12,13,14,
S0085,Control,1,2,3,4,5,0,0,0,0,6,7,8,9,10,11,12,13,14,
S0086,Control,1,2,3,4,5,6,7,0,0,8,9,10,0,0,0,0,0,0,Marker 11 corresponds to Cancel
S0087,Control,1,2,3,4,5,0,0,0,0,6,7,8,10,0,0,0,0,0,
S0088,Control,1,2,3,4,5,6,7,8,9,10,11,12,13,14,15,16,17,18,
S0089,DM,1,2,3,4,5,0,0,0,0,6,7,8,9,10,11,12,13,14,
S0090,Control,0,0,0,0,0,0,0,0,0,0,0,0,0,0,0,0,0,0,
S0091,Control,1,2,3,4,5,0,0,0,0,6,7,8,9,10,11,12,13,14,
S0092,Control,0,0,0,0,0,0,0,0,0,0,0,0,0,0,0,0,0,0,
S0093,DMOH,1,2,3,4,5,0,0,0,0,6,7,8,9,10,11,12,13,14,
S0094,DM,1,2,3,4,5,0,0,0,0,6,7,8,9,10,11,12,13,14,
S0095,Control,0,0,0,0,0,0,0,0,0,0,0,0,0,0,0,0,0,0,
S0096,DM,1,0,0,0,0,0,0,0,0,2,3,4,5,6,9,10,11,12,"Markers 7, 8 correspond to Cancel, Tilt"
S0097,Control,1,2,3,4,5,0,0,0,0,6,7,8,9,10,11,12,13,14,
S0098,Control,1,2,3,4,5,0,0,0,0,6,8,9,10,11,12,13,14,15,Marker 7 corresponds to Hyper again
S0099,DM,1,2,3,4,5,0,0,0,0,6,7,8,9,10,11,12,13,14,
S0100,Control,0,0,0,0,0,0,0,0,0,0,0,0,0,0,0,0,0,0,
S0101,Control,1,2,3,4,0,0,0,0,0,0,0,5,6,7,8,0,9,10,"Markers 11, 12 correspond to Tilt Hypo, End"
S0102,Control,0,0,0,0,0,0,0,0,0,0,0,0,0,0,0,0,0,0,
S0103,Control,1,2,3,4,5,0,0,0,0,6,7,8,9,10,0,0,0,11,"Markers 12, 13 correspond to Tilt Hypo, End"
S0104,DMOH,1,2,3,4,5,6,7,0,0,8,9,10,11,12,0,0,0,13,"Markers 14, 15 correspond to Tilt Hypo, End"
S0105,DM,1,2,3,4,5,0,0,0,0,6,7,8,9,10,0,0,0,11,"Markers 12, 13 correspond to Tilt Hypo, End"
S0106,Control,0,0,0,0,0,0,0,0,0,0,0,0,0,0,0,0,0,0,
S0107,DM,0,0,0,0,0,0,0,0,0,0,0,0,0,0,0,0,0,0,
S0108,DM,0,0,0,0,0,0,0,0,0,0,0,0,0,0,0,0,0,0,
S0109,DM,1,2,3,4,5,0,0,0,0,6,7,8,9,10,0,0,0,11,"Markers 12, 13 correspond to Tilt Hypo, End"
S0110,DM,0,0,0,0,0,0,0,0,0,0,0,0,0,0,0,0,0,0,
S0111,Control,0,0,0,0,0,0,0,0,0,0,0,0,0,0,0,0,0,0,
S0112,Control,0,0,0,0,0,0,0,0,0,0,0,0,0,0,0,0,0,0,
S0113,Control,0,0,0,0,0,0,0,0,0,0,0,0,0,0,0,0,0,0,
S0114,DM,0,0,0,0,0,0,0,0,0,0,0,0,0,0,0,0,0,0,
S0115,Control,0,0,0,0,0,0,0,0,0,0,0,0,0,0,0,0,0,0,
S0118,Control,0,0,0,0,0,0,0,0,0,0,0,0,0,0,0,0,0,0,
S0124,Control,0,0,0,0,0,0,0,0,0,0,0,0,0,0,0,0,0,0,
S0125,Control,0,0,0,0,0,0,0,0,0,0,0,0,0,0,0,0,0,0,
S0126,DMOH,0,0,0,0,0,0,0,0,0,0,0,0,0,0,0,0,0,0,
S0127,Control,0,0,0,0,0,0,0,0,0,0,0,0,0,0,0,0,0,0,
S0128,DM,0,0,0,0,0,0,0,0,0,0,0,0,0,0,0,0,0,0,
S0129,DM,0,0,0,0,0,0,0,0,0,0,0,0,0,0,0,0,0,0,
S0130,DM,0,0,0,0,0,0,0,0,0,0,0,0,0,0,0,0,0,0,
S0131,DM,0,0,0,0,0,0,0,0,0,0,0,0,0,0,0,0,0,0,
S0133,DM,0,0,0,0,0,0,0,0,0,0,0,0,0,0,0,0,0,0,
S0134,DM,0,0,0,0,0,0,0,0,0,0,0,0,0,0,0,0,0,0,
S0135,Control,0,0,0,0,0,0,0,0,0,0,0,0,0,0,0,0,0,0,
S0136,Control,0,0,0,0,0,0,0,0,0,0,0,0,0,0,0,0,0,0,
S0137,DM,0,0,0,0,0,0,0,0,0,0,0,0,0,0,0,0,0,0,
S0140,Control,0,0,0,0,0,0,0,0,0,0,0,0,0,0,0,0,0,0,
S0141,Control,0,0,0,0,0,0,0,0,0,0,0,0,0,0,0,0,0,0,
S0142,Control,0,0,0,0,0,0,0,0,0,0,0,0,0,0,0,0,0,0,
S0148,DM,0,0,0,0,0,0,0,0,0,0,0,0,0,0,0,0,0,0,
S0149,DM,0,0,0,0,0,0,0,0,0,0,0,0,0,0,0,0,0,0,
S0150,DM,0,0,0,0,0,0,0,0,0,0,0,0,0,0,0,0,0,0,
S0152,Control,0,0,0,0,0,0,0,0,0,0,0,0,0,0,0,0,0,0,
S0168,DM,0,0,0,0,0,0,0,0,0,0,0,0,0,0,0,0,0,0,
S0170,Control,0,0,0,0,0,0,0,0,0,0,0,0,0,0,0,0,0,0,
S0171,DM,0,0,0,0,0,0,0,0,0,0,0,0,0,0,0,0,0,0,
S0173,DM,0,0,0,0,0,0,0,0,0,0,0,0,0,0,0,0,0,0,
S0179,DM ,0,0,0,0,0,0,0,0,0,0,0,0,0,0,0,0,0,0,
S0180,Control,0,0,0,0,0,0,0,0,0,0,0,0,0,0,0,0,0,0,
S0189,DM,0,0,0,0,0,0,0,0,0,0,0,0,0,0,0,0,0,0,
S0190,Control,0,0,0,0,0,0,0,0,0,0,0,0,0,0,0,0,0,0,
S0191,Control,0,0,0,0,0,0,0,0,0,0,0,0,0,0,0,0,0,0,
S0193,Control,0,0,0,0,0,0,0,0,0,0,0,0,0,0,0,0,0,0,
S0196,Control,0,0,0,0,0,0,0,0,0,0,0,0,0,0,0,0,0,0,
S0198,DM,0,0,0,0,0,0,0,0,0,0,0,0,0,0,0,0,0,0,
S0201,Control,0,0,0,0,0,0,0,0,0,0,0,0,0,0,0,0,0,0,
S0202,DM,0,0,0,0,0,0,0,0,0,0,0,0,0,0,0,0,0,0,
